{"cameraMode":{"drawMode":0,"name":"Shaded","section":"Shading Mode"},"sceneLighting":true,"audioPlay":false,"sceneViewState":{"m_AlwaysRefresh":false,"showFog":true,"showSkybox":true,"showFlares":true,"showImageEffects":true,"showParticleSystems":true,"showVisualEffectGraphs":true,"m_FxEnabled":true},"in2DMode":false,"pivot":{"x":-0.8861451745033264,"y":0.5708222985267639,"z":4.148294448852539},"rotation":{"x":-0.11958738416433335,"y":-0.08299083262681961,"z":0.010288146324455738,"w":-0.9893917441368103},"size":1.5991754531860352,"orthographic":false}