{"cameraMode":{"drawMode":0,"name":"Shaded","section":"Shading Mode"},"sceneLighting":false,"audioPlay":false,"sceneViewState":{"m_AlwaysRefresh":false,"showFog":true,"showSkybox":false,"showFlares":true,"showImageEffects":true,"showParticleSystems":true,"showVisualEffectGraphs":true,"m_FxEnabled":true},"in2DMode":false,"pivot":{"x":-0.00003238022327423096,"y":0.28923386335372927,"z":2.2351741790771486e-8},"rotation":{"x":-0.1684708148241043,"y":0.6181821823120117,"z":-0.13767433166503907,"w":-0.7554124593734741},"size":0.30093666911125185,"orthographic":false}